Timeline ID,Post ID,User ID,Date,Label,text
14326,398,User_3,03/15/2021 12:14 AM,IE,"Far far away, behind the word mountains, far from the countries Vokalia and Consonantia, there live the blind texts. Separated they live in Bookmarksgrove right at the coast of the"
10640,483,User_3,06/22/2021 01:40 PM,IS,"Far far away, behind the word mountains, far from the countries Vokalia and Consonantia, there live the blind texts. Separated they live in Bookmarksgrove right at the coast of the"
16379,519,User_1,09/11/2021 06:43 AM,O,"Far far away, behind the word mountains, far from the countries Vokalia and Consonantia, there live the blind texts. Separated they live in Bookmarksgrove right at the coast of the"
17485,713, User_2,12/06/2021 03:52 PM,IE,"Far far away, behind the word mountains, far from the countries Vokalia and Consonantia, there live the blind texts. Separated they live in Bookmarksgrove right at the coast of the"
17642,389,User_1,09/22/2021 08:43 PM,IE,"Far far away, behind the word mountains, far from the countries Vokalia and Consonantia, there live the blind texts. Separated they live in Bookmarksgrove right at the coast of the"
14290,528,User_3,07/12/2021 09:13 AM,O,"Far far away, behind the word mountains, far from the countries Vokalia and Consonantia, there live the blind texts. Separated they live in Bookmarksgrove right at the coast of the"
19219,565,User_4,11/10/2021 12:08 PM,IS,"Far far away, behind the word mountains, far from the countries Vokalia and Consonantia, there live the blind texts. Separated they live in Bookmarksgrove right at the coast of the"
19314,943,User_3,11/10/2021 06:26 AM,O,"Far far away, behind the word mountains, far from the countries Vokalia and Consonantia, there live the blind texts. Separated they live in Bookmarksgrove right at the coast of the"
11502,646, User_2,09/27/2021 01:52 PM,O,"Far far away, behind the word mountains, far from the countries Vokalia and Consonantia, there live the blind texts. Separated they live in Bookmarksgrove right at the coast of the"
15496,606,User_1,08/16/2021 09:05 AM,IS,"Far far away, behind the word mountains, far from the countries Vokalia and Consonantia, there live the blind texts. Separated they live in Bookmarksgrove right at the coast of the"
10925,94,User_3,02/01/2021 05:35 AM,IE,"Far far away, behind the word mountains, far from the countries Vokalia and Consonantia, there live the blind texts. Separated they live in Bookmarksgrove right at the coast of the"
18689,459, User_2,06/22/2021 12:37 PM,O,"Far far away, behind the word mountains, far from the countries Vokalia and Consonantia, there live the blind texts. Separated they live in Bookmarksgrove right at the coast of the"
12418,744,User_1,07/05/2021 08:55 PM,O,"Far far away, behind the word mountains, far from the countries Vokalia and Consonantia, there live the blind texts. Separated they live in Bookmarksgrove right at the coast of the"
11813,116, User_2,10/13/2021 04:58 AM,IE,"Far far away, behind the word mountains, far from the countries Vokalia and Consonantia, there live the blind texts. Separated they live in Bookmarksgrove right at the coast of the"
10827,730, User_2,03/17/2021 01:47 PM,IS,"Far far away, behind the word mountains, far from the countries Vokalia and Consonantia, there live the blind texts. Separated they live in Bookmarksgrove right at the coast of the"
18326,568,User_3,11/01/2021 07:08 PM,IS,"Far far away, behind the word mountains, far from the countries Vokalia and Consonantia, there live the blind texts. Separated they live in Bookmarksgrove right at the coast of the"
16866,965,User_4,07/01/2021 06:46 AM,IS,"Far far away, behind the word mountains, far from the countries Vokalia and Consonantia, there live the blind texts. Separated they live in Bookmarksgrove right at the coast of the"
19653,592, User_2,12/11/2021 04:08 PM,IS,"Far far away, behind the word mountains, far from the countries Vokalia and Consonantia, there live the blind texts. Separated they live in Bookmarksgrove right at the coast of the"
10242,765,User_1,05/13/2021 03:30 PM,IS,"Far far away, behind the word mountains, far from the countries Vokalia and Consonantia, there live the blind texts. Separated they live in Bookmarksgrove right at the coast of the"
17377,856,User_1,06/21/2021 03:58 AM,O,"Far far away, behind the word mountains, far from the countries Vokalia and Consonantia, there live the blind texts. Separated they live in Bookmarksgrove right at the coast of the"
13880,304,User_1,05/14/2021 11:55 PM,O,"Far far away, behind the word mountains, far from the countries Vokalia and Consonantia, there live the blind texts. Separated they live in Bookmarksgrove right at the coast of the"
18018,559,User_1,07/28/2021 06:43 AM,O,"Far far away, behind the word mountains, far from the countries Vokalia and Consonantia, there live the blind texts. Separated they live in Bookmarksgrove right at the coast of the"
16763,658,User_1,06/10/2021 10:44 PM,IE,"Far far away, behind the word mountains, far from the countries Vokalia and Consonantia, there live the blind texts. Separated they live in Bookmarksgrove right at the coast of the"
11667,74,User_4,07/26/2021 12:18 PM,IS,"Far far away, behind the word mountains, far from the countries Vokalia and Consonantia, there live the blind texts. Separated they live in Bookmarksgrove right at the coast of the"
16748,609,User_4,03/04/2021 07:16 PM,O,"Far far away, behind the word mountains, far from the countries Vokalia and Consonantia, there live the blind texts. Separated they live in Bookmarksgrove right at the coast of the"
12401,610,User_3,11/17/2021 04:15 AM,IS,"Far far away, behind the word mountains, far from the countries Vokalia and Consonantia, there live the blind texts. Separated they live in Bookmarksgrove right at the coast of the"
14568,650, User_2,11/18/2021 12:01 AM,O,"Far far away, behind the word mountains, far from the countries Vokalia and Consonantia, there live the blind texts. Separated they live in Bookmarksgrove right at the coast of the"
10799,512,User_1,05/19/2021 07:39 AM,IS,"Far far away, behind the word mountains, far from the countries Vokalia and Consonantia, there live the blind texts. Separated they live in Bookmarksgrove right at the coast of the"
10248,176,User_4,11/27/2021 08:26 PM,IE,"Far far away, behind the word mountains, far from the countries Vokalia and Consonantia, there live the blind texts. Separated they live in Bookmarksgrove right at the coast of the"
12115,624,User_4,01/20/2021 10:00 AM,IE,"Far far away, behind the word mountains, far from the countries Vokalia and Consonantia, there live the blind texts. Separated they live in Bookmarksgrove right at the coast of the"
18729,168,User_4,05/02/2021 09:50 AM,IS,"Far far away, behind the word mountains, far from the countries Vokalia and Consonantia, there live the blind texts. Separated they live in Bookmarksgrove right at the coast of the"
19709,575,User_4,02/15/2021 01:36 PM,IS,"Far far away, behind the word mountains, far from the countries Vokalia and Consonantia, there live the blind texts. Separated they live in Bookmarksgrove right at the coast of the"
15400,958, User_2,04/24/2021 05:00 PM,IS,"Far far away, behind the word mountains, far from the countries Vokalia and Consonantia, there live the blind texts. Separated they live in Bookmarksgrove right at the coast of the"
17483,957,User_4,11/19/2021 10:38 AM,IS,"Far far away, behind the word mountains, far from the countries Vokalia and Consonantia, there live the blind texts. Separated they live in Bookmarksgrove right at the coast of the"
15544,474,User_4,04/27/2021 10:04 AM,IS,"Far far away, behind the word mountains, far from the countries Vokalia and Consonantia, there live the blind texts. Separated they live in Bookmarksgrove right at the coast of the"
12827,472,User_3,02/15/2021 08:48 PM,O,"Far far away, behind the word mountains, far from the countries Vokalia and Consonantia, there live the blind texts. Separated they live in Bookmarksgrove right at the coast of the"
14437,190, User_2,02/24/2021 12:59 PM,IS,"Far far away, behind the word mountains, far from the countries Vokalia and Consonantia, there live the blind texts. Separated they live in Bookmarksgrove right at the coast of the"
19722,912,User_3,01/19/2021 03:15 AM,O,"Far far away, behind the word mountains, far from the countries Vokalia and Consonantia, there live the blind texts. Separated they live in Bookmarksgrove right at the coast of the"
19655,876,User_1,05/23/2021 12:02 AM,IS,"Far far away, behind the word mountains, far from the countries Vokalia and Consonantia, there live the blind texts. Separated they live in Bookmarksgrove right at the coast of the"
17021,226, User_2,04/16/2021 07:24 AM,O,"Far far away, behind the word mountains, far from the countries Vokalia and Consonantia, there live the blind texts. Separated they live in Bookmarksgrove right at the coast of the"
19042,335,User_3,03/24/2021 06:39 AM,IS,"Far far away, behind the word mountains, far from the countries Vokalia and Consonantia, there live the blind texts. Separated they live in Bookmarksgrove right at the coast of the"
10306,467, User_2,05/21/2021 05:29 PM,IE,"Far far away, behind the word mountains, far from the countries Vokalia and Consonantia, there live the blind texts. Separated they live in Bookmarksgrove right at the coast of the"
17616,411,User_4,06/16/2021 11:02 PM,IE,"Far far away, behind the word mountains, far from the countries Vokalia and Consonantia, there live the blind texts. Separated they live in Bookmarksgrove right at the coast of the"
16423,248,User_3,06/23/2021 06:38 PM,O,"Far far away, behind the word mountains, far from the countries Vokalia and Consonantia, there live the blind texts. Separated they live in Bookmarksgrove right at the coast of the"
16414,520,User_3,01/21/2021 12:00 PM,O,"Far far away, behind the word mountains, far from the countries Vokalia and Consonantia, there live the blind texts. Separated they live in Bookmarksgrove right at the coast of the"
12535,884,User_4,03/03/2021 03:26 AM,IS,"Far far away, behind the word mountains, far from the countries Vokalia and Consonantia, there live the blind texts. Separated they live in Bookmarksgrove right at the coast of the"
14351,795,User_1,06/11/2021 10:25 AM,IE,"Far far away, behind the word mountains, far from the countries Vokalia and Consonantia, there live the blind texts. Separated they live in Bookmarksgrove right at the coast of the"
19701,356, User_2,10/08/2021 09:32 PM,IS,"Far far away, behind the word mountains, far from the countries Vokalia and Consonantia, there live the blind texts. Separated they live in Bookmarksgrove right at the coast of the"
10404,280,User_3,11/06/2021 09:01 AM,O,"Far far away, behind the word mountains, far from the countries Vokalia and Consonantia, there live the blind texts. Separated they live in Bookmarksgrove right at the coast of the"
18574,71,User_4,02/25/2021 05:43 AM,IE,"Far far away, behind the word mountains, far from the countries Vokalia and Consonantia, there live the blind texts. Separated they live in Bookmarksgrove right at the coast of the"
